{
  "linreg": 284774.40102556,
  "lightgbm": 394216.83624782367
}
